id,title,score,num_comments,author,created_utc,url,over_18,edited,spoiler,stickied
1e7z3ci,If you could only use 3 different file formats for the rest of your career. Which would you choose? ,50,82,skysetter,2024-07-20 16:07:29,https://www.reddit.com/r/dataengineering/comments/1e7z3ci/if_you_could_only_use_3_different_file_formats/,False,False,False,False
1e7q6gt,Thinking of leaving data due to bad experience. What to do?,39,37,rex841,2024-07-20 07:35:32,https://www.reddit.com/r/dataengineering/comments/1e7q6gt/thinking_of_leaving_data_due_to_bad_experience/,False,False,False,False
1e8339d,What are your top questions to ask to avoid bad companies?,45,7,tedward27,2024-07-20 19:08:40,https://www.reddit.com/r/dataengineering/comments/1e8339d/what_are_your_top_questions_to_ask_to_avoid_bad/,False,False,False,False
1e84w3y,What would you build in Databricks with $50k?,17,11,jiyax33634,2024-07-20 20:31:18,https://www.reddit.com/r/dataengineering/comments/1e84w3y/what_would_you_build_in_databricks_with_50k/,False,False,False,False
1e830zt,DE Learning Path,12,6,KeyboaRdWaRRioR1214,2024-07-20 19:05:45,https://www.reddit.com/r/dataengineering/comments/1e830zt/de_learning_path/,False,False,False,False
1e877z1,What software does everyone use for planning and design?,11,7,Cultured_dude,2024-07-20 22:21:54,https://www.reddit.com/r/dataengineering/comments/1e877z1/what_software_does_everyone_use_for_planning_and/,False,False,False,False
1e7pwgu,From SSIS on-prem to full DE in Azure. WWYD?,10,2,ayesamson,2024-07-20 07:16:27,https://www.reddit.com/r/dataengineering/comments/1e7pwgu/from_ssis_onprem_to_full_de_in_azure_wwyd/,False,False,False,False
1e7jsfr,Two CICD questions about dbt,6,9,levelworm,2024-07-20 01:13:52,https://www.reddit.com/r/dataengineering/comments/1e7jsfr/two_cicd_questions_about_dbt/,False,False,False,False
1e7wstn,AWS Datazone Usage,5,3,Alone_Face_2949,2024-07-20 14:23:33,https://www.reddit.com/r/dataengineering/comments/1e7wstn/aws_datazone_usage/,False,False,False,False
1e81mf3,Paginated API,3,6,Still-Intention-711,2024-07-20 18:01:45,https://www.reddit.com/r/dataengineering/comments/1e81mf3/paginated_api/,False,False,False,False
1e7scs9,Awesome Data Activation Resources - Contributions Welcome!,3,1,nagstler,2024-07-20 10:12:17,https://www.reddit.com/r/dataengineering/comments/1e7scs9/awesome_data_activation_resources_contributions/,False,False,False,False
1e7nqtz,Are there any tools or modules for real time salesforc sync into S3/BigTable,3,4,Competitive_Wheel_78,2024-07-20 04:56:09,https://www.reddit.com/r/dataengineering/comments/1e7nqtz/are_there_any_tools_or_modules_for_real_time/,False,False,False,False
1e86ed0,"Masters in math, with internship-esque experience.   Not even getting intereviews.   Do I go back to school?  Not sure what to do?",3,3,MathMindfully,2024-07-20 21:42:21,https://www.reddit.com/r/dataengineering/comments/1e86ed0/masters_in_math_with_internshipesque_experience/,False,False,False,False
1e7jmao,Learning Redhsift and associated tools. Where to start ?,2,7,abhisheks77,2024-07-20 01:05:02,https://www.reddit.com/r/dataengineering/comments/1e7jmao/learning_redhsift_and_associated_tools_where_to/,False,False,False,False
1e82k9b,Do We Need Dbt?,3,5,leogodin217,2024-07-20 18:44:46,https://www.reddit.com/r/dataengineering/comments/1e82k9b/do_we_need_dbt/,False,False,False,False
1e80d1s,How to generate streaming from your data?,1,1,Nice_Substance_6594,2024-07-20 17:05:12,https://www.reddit.com/r/dataengineering/comments/1e80d1s/how_to_generate_streaming_from_your_data/,False,False,False,False
